https://simulcat.github.io/vvd/slides/00.jpg,"Abstract of ghost imagaging paper"
https://simulcat.github.io/vvd/slides/01.jpg,"Abstract of ghost imagaging paper"
https://simulcat.github.io/vvd/slides/02.jpg,"Abstract of ghost imagaging paper"
https://simulcat.github.io/vvd/slides/03.jpg,"Abstract of ghost imagaging paper"
https://simulcat.github.io/vvd/slides/04.jpg,"Abstract of ghost imagaging paper"
https://simulcat.github.io/vvd/slides/05.jpg,"Abstract of ghost imagaging paper"
https://simulcat.github.io/vvd/slides/06.jpg,"Abstract of ghost imagaging paper"
https://simulcat.github.io/vvd/slides/07.jpg,"Abstract of ghost imagaging paper"
https://simulcat.github.io/vvd/slides/08.jpg,"Abstract of ghost imagaging paper"
https://simulcat.github.io/vvd/slides/09.jpg,"Abstract of ghost imagaging paper"
https://simulcat.github.io/vvd/slides/10.jpg,"Abstract of ghost imagaging paper"
https://simulcat.github.io/vvd/slides/11.jpg,"Abstract of ghost imagaging paper"
